cycle_idx,start_idx,end_idx,duration,avg_current_magnitude
1,12966,16645,3680,3.1990931141304353
2,29998,33673,3676,3.1990939200217627
3,47011,50685,3675,3.1990952272108846
4,64015,67690,3676,3.1990944640914036
5,81003,84665,3663,3.1990958995359
6,97996,101656,3661,3.199098202676864
7,114956,118612,3657,3.1990769073010665
8,131935,135591,3657,3.199078307355756
9,148907,152560,3654,3.19908632183908
10,165861,169516,3656,3.199094978118162
11,182819,186469,3651,3.1990970884689127
12,199790,203441,3652,3.1990805887185108
13,216734,220382,3649,3.1990826582625376
14,233684,237332,3649,3.1990888298163886
15,250656,254301,3646,3.19908158804169
16,267570,271212,3643,3.1990927998902006
17,284492,288134,3643,3.1990830990941537
18,301444,305089,3646,3.1990922545255076
19,318402,322041,3640,3.1990771950549455
20,335363,339002,3640,3.199086291208791
21,352308,355942,3635,3.1990829160935355
22,369256,372890,3635,3.19908110866575
23,386197,389827,3631,3.1990814624070505
24,403141,406771,3631,3.19907869732856
25,420069,423698,3630,3.1990846033057854
26,437027,440653,3627,3.1990747256685967
27,453988,457614,3627,3.1990551254480284
28,470934,474558,3625,3.1990804717241383
29,487876,491498,3623,3.1990769942036983
30,504843,508464,3622,3.1990700386526782
31,521788,525410,3623,3.199079533535744
32,538739,542358,3620,3.199079555248619
33,555683,559300,3618,3.1990733996683254
34,572629,576244,3616,3.199084800884956
35,589583,593199,3617,3.199073707492397
36,606543,610156,3614,3.1990814250138353
37,623494,627109,3616,3.199070240597345
38,640448,644060,3613,3.1990771104345415
39,657413,661025,3613,3.1990767699972325
40,674376,677987,3612,3.199082497231451
41,691326,694937,3612,3.199075027685493
42,708290,711896,3607,3.1990845633490435
43,725227,728831,3605,3.1990677115117894
44,742145,745750,3606,3.1990797143649474
45,759068,762677,3610,3.199074113573407
46,776044,779647,3604,3.1990714955604886
47,793005,796607,3603,3.1990727643630312
48,809975,813575,3601,3.199071305193002
49,826960,830562,3603,3.1990776880377463
50,843910,847508,3599,3.199075740483468
51,862958,866563,3606,3.1990676982806434
52,879954,883556,3603,3.1990979766860947
53,896945,900544,3600,3.199081830555556
54,913927,917525,3599,3.199074876354543
55,930927,934525,3599,3.1990731647679915
56,947897,951490,3594,3.199073580968281
57,964855,968447,3593,3.1990605482883385
58,981810,985401,3592,3.199066478285078
59,998773,1002364,3592,3.199080069599109
60,1015748,1019335,3588,3.1990654933110365
61,1032712,1036296,3585,3.1990468647140866
62,1049675,1053259,3585,3.1990691185495113
63,1066668,1070251,3584,3.1990708314732146
64,1083667,1087248,3582,3.1990805750977103
65,1100656,1104235,3580,3.1990734692737433
66,1117624,1121204,3581,3.199070781904496
67,1134607,1138182,3576,3.1990699552572703
68,1151574,1155147,3574,3.199066992165641
69,1168544,1172117,3574,3.1990488864017905
70,1185512,1189085,3574,3.1990679882484616
71,1202500,1206069,3570,3.19906212605042
72,1219487,1223054,3568,3.1990369310538114
73,1236481,1240047,3567,3.199055147182506
74,1253444,1257009,3566,3.1990659618620305
75,1270388,1273950,3563,3.1990856890261017
76,1287384,1290946,3563,3.1990652399663206
77,1304369,1307928,3560,3.199062140449439
78,1321350,1324907,3558,3.199077403035413
79,1338301,1341858,3558,3.199059125913435
80,1355280,1358838,3559,3.1990599409946614
81,1372280,1375835,3556,3.1990668869516314
82,1389251,1392803,3553,3.1990578018575855
83,1406233,1409787,3555,3.1990603769338963
84,1423233,1426783,3551,3.199046854407209
85,1440227,1443774,3548,3.1990792023675305
86,1457214,1460761,3548,3.1990710033821865
87,1474195,1477742,3548,3.1990588077790303
88,1491188,1494740,3553,3.1990662172811706
89,1508204,1511746,3543,3.199060982218459
90,1525220,1528762,3543,3.1990550183460345
91,1542224,1545765,3542,3.199052216261999
92,1559239,1562776,3538,3.1990629536461275
93,1576211,1579748,3538,3.199058205200678
94,1593198,1596732,3535,3.1990537199434232
95,1610206,1613738,3533,3.199057939428248
96,1627184,1630714,3531,3.199059444916454
97,1644195,1647726,3532,3.199054413929785
98,1661200,1664728,3529,3.1990538679512612
99,1678192,1681718,3527,3.1990467592855123
100,1695189,1698714,3526,3.1990628417470224
101,1713696,1717238,3543,3.1990556534010723
102,1730714,1734255,3542,3.1990532523997746
103,1747718,1751256,3539,3.199069036450975
104,1764677,1768213,3537,3.1990518716426353
105,1781650,1785186,3537,3.199048173593441
106,1798644,1802177,3534,3.199062702320317
107,1815607,1819137,3531,3.1990400339847067
108,1832617,1836145,3529,3.1990530008500997
109,1849620,1853146,3527,3.1990511454493906
110,1866592,1870116,3525,3.199053174468085
111,1883557,1887079,3523,3.1990580698268523
112,1900526,1904053,3528,3.1990599234693877
113,1917538,1921057,3520,3.199052144886364
114,1934548,1938066,3519,3.1990554390451833
115,1951536,1955053,3518,3.1990571489482664
116,1968523,1972038,3516,3.1990622838452785
117,1986674,1990266,3593,3.1990791010297803
118,2003539,2007130,3592,3.1990681403118035
119,2020398,2023987,3590,3.1990677520891366
120,2037222,2040816,3595,3.1990788372739916
121,2054086,2057679,3594,3.199076580411798
122,2070962,2074550,3589,3.199071468375592
123,2087852,2091435,3584,3.199072734375
124,2104717,2108300,3584,3.1990757421875
125,2121590,2125178,3589,3.19907288938423
126,2138462,2142047,3586,3.199077487451199
127,2155334,2158920,3587,3.1990714273766376
128,2172224,2175806,3583,3.199070080937762
129,2189142,2192722,3581,3.1990670538955603
130,2205992,2209565,3574,3.199067246782317
131,2222854,2226429,3576,3.199070444630872
132,2239747,2243319,3573,3.199074102994682
133,2257042,2260519,3478,3.199041083956297
134,2274035,2277514,3480,3.199047485632184
135,2291020,2294496,3477,3.1990402013229797
136,2308009,2311485,3477,3.1990351509922346
137,2324994,2328467,3474,3.1990373316062173
138,2341978,2345450,3473,3.1990463259429887
139,2358935,2362405,3471,3.199040919043504
140,2375897,2379366,3470,3.1990395417867434
141,2392842,2396310,3469,3.1990465465552034
142,2409818,2413284,3467,3.199049163541968
143,2426798,2430263,3466,3.1990412810155795
144,2443772,2447234,3463,3.1990352584464334
145,2460741,2464203,3463,3.199046497256714
146,2477697,2481157,3461,3.199049555041896
147,2494659,2498119,3461,3.199037015313493
148,2511637,2515096,3460,3.1990371878612716
149,2528822,2532260,3439,3.199035559755743
150,2545803,2549246,3444,3.199029413472706
151,2562749,2566191,3443,3.1990311065930874
152,2579641,2583081,3441,3.199038712583551
153,2596542,2599982,3441,3.199018599244406
154,2613475,2616913,3439,3.1990306571677816
155,2630391,2633829,3439,3.199005693515557
156,2647311,2650746,3436,3.199031749126892
157,2664221,2667655,3435,3.1990351033478897
158,2681137,2684568,3432,3.199027607808858
159,2698056,2701487,3432,3.1990269988344986
160,2714960,2718390,3431,3.199017924803264
161,2731873,2735301,3429,3.1990421347331583
162,2748769,2752197,3429,3.1990289238845144
163,2765651,2769075,3425,3.19903281459854
164,2782542,2785966,3425,3.199071766423358
165,2799439,2802858,3420,3.1990198070175437
166,2816353,2819774,3422,3.1990217767387494
167,2833255,2836677,3423,3.199009950335963
168,2850136,2853556,3421,3.1990439374451913
169,2867024,2870449,3426,3.1990252685347347
170,2883938,2887357,3420,3.1990039970760233
171,2900849,2904267,3419,3.198987130739982
172,2917732,2921148,3417,3.1990249868305534
173,2934602,2938017,3416,3.1990402576112413
174,2951491,2954905,3415,3.199005557833089
175,2968386,2971799,3414,3.1990142032806093
176,2985270,2988682,3413,3.1990216056255494
177,3002181,3005593,3413,3.199021479636684
178,3019087,3022497,3411,3.199025168572266
179,3035977,3039387,3411,3.199021542069774
180,3052883,3056291,3409,3.199034039307715
181,3069767,3073174,3408,3.199025088028169
182,3086626,3090032,3407,3.1990283504549457
183,3103529,3106935,3407,3.1990193806868215
184,3120419,3123824,3406,3.199016805637111
185,3137324,3140727,3404,3.199031142773208
186,3154215,3157618,3404,3.199011313160987
187,3171115,3174516,3402,3.1990184626690183
188,3187996,3191397,3402,3.199024935332157
189,3204885,3208285,3401,3.199026012937372
190,3221752,3225151,3400,3.1990372264705886
191,3238631,3242030,3400,3.199018714705882
192,3255545,3258943,3399,3.1990213562812597
193,3272422,3275820,3399,3.1990260076493087
194,3289320,3292716,3397,3.199020732999706
195,3306196,3309592,3397,3.199017859876362
196,3323095,3326490,3396,3.1990167314487636
197,3339970,3343361,3392,3.1990207429245285
198,3356847,3360244,3398,3.19905072101236
199,3374643,3378048,3406,3.199014753376395
200,3391572,3394979,3408,3.1990290140845072
201,3408465,3411872,3408,3.1990231514084506
202,3425372,3428777,3406,3.199030008807986
203,3442242,3445646,3405,3.1990220323054332
204,3459134,3462536,3403,3.1990344108139874
205,3476027,3479429,3403,3.1990251483984724
206,3492902,3496302,3401,3.19902703028521
207,3509755,3513154,3400,3.1990252470588234
208,3526597,3529993,3397,3.1990276744186046
209,3543446,3546841,3396,3.1990165223792695
210,3560302,3563695,3394,3.1989969387153807
211,3577168,3580560,3393,3.199019722959034
212,3594029,3597422,3394,3.199019608131998
213,3610915,3614312,3398,3.199042266038847
214,3627774,3631163,3390,3.1989942212389377
215,3644632,3648021,3390,3.199020696165192
216,3661498,3664886,3389,3.199007786957804
217,3678333,3681720,3388,3.1989984120425032
218,3695203,3698590,3388,3.1990183589138135
219,3712055,3715440,3386,3.1990009037212053
220,3728912,3732297,3386,3.199022841110455
221,3745770,3749153,3384,3.1990212381796694
222,3762615,3765998,3384,3.1990358953900713
223,3779482,3782864,3383,3.1989950546851906
224,3796325,3799706,3382,3.1990190360733295
225,3813186,3816566,3381,3.199010547175392
226,3830062,3833441,3380,3.199022316568047
227,3846916,3850295,3380,3.1990224585798823
228,3863762,3867140,3379,3.19901318141462
229,3880623,3883999,3377,3.199004939295232
230,3897496,3900871,3376,3.199006389218009
231,3914356,3917730,3375,3.19902237925926
232,3931225,3934598,3374,3.1990248458802606
233,3948070,3951443,3374,3.1990123681090696
234,3964939,3968312,3374,3.1990467042086546
235,3981810,3985182,3373,3.1990191758078863
236,3998654,4002023,3370,3.198999727002968
237,4015484,4018853,3370,3.1990144866468846
238,4032329,4035697,3369,3.199023787474028
239,4049179,4052546,3368,3.1990100029691213
240,4065990,4069356,3367,3.1990129106029106
241,4082828,4086194,3367,3.1990197831897835
242,4099672,4103039,3368,3.199014943586699
243,4116538,4119903,3366,3.199007349970292
244,4133374,4136739,3366,3.1989980748663105
245,4150216,4153579,3364,3.198988171819263
246,4167061,4170424,3364,3.199013579072533
247,4183876,4187237,3362,3.199004205829863
248,4200739,4204100,3362,3.1990667340868533
249,4219238,4222599,3362,3.1989947471743005
250,4236105,4239469,3365,3.198998038632987
251,4252951,4256313,3363,3.199002649420161
252,4269786,4273149,3364,3.19903805588585
253,4286645,4290006,3362,3.199008795359905
254,4303495,4306855,3361,3.1990022314787265
255,4320320,4323677,3358,3.1990215634306134
256,4337175,4340532,3358,3.199020544967243
257,4354018,4357374,3357,3.199007363717605
258,4370845,4374201,3357,3.1990088620792374
259,4387691,4391047,3357,3.198997983318439
260,4404541,4407896,3356,3.1990146930870083
261,4421357,4424710,3354,3.199004132379249
262,4438188,4441540,3353,3.1990100775424994
263,4455012,4458363,3352,3.199004385441527
264,4471827,4475178,3352,3.19903495823389
265,4488659,4492008,3350,3.1989939402985077
266,4505504,4508853,3350,3.199009128358209
267,4522341,4525688,3348,3.198995940860215
268,4539169,4542517,3349,3.1990116631830396
269,4555988,4559336,3349,3.199006354135563
270,4572781,4576126,3346,3.1990051344889427
271,4589615,4592961,3347,3.19900466686585
272,4606452,4609798,3347,3.1990126232446974
273,4623278,4626624,3347,3.1990154018524053
274,4640123,4643468,3346,3.1990057680812907
275,4656985,4660328,3344,3.1990053080143546
276,4673788,4677131,3344,3.1990073803827754
277,4690599,4693940,3342,3.198994482345901
278,4707421,4710763,3343,3.199006422375112
279,4724277,4727617,3341,3.198999120023945
280,4741112,4744452,3341,3.1989995749775515
281,4757929,4761269,3341,3.1989975187069746
282,4774752,4778090,3339,3.198995932914046
283,4791573,4794911,3339,3.1990017340521115
284,4808404,4811741,3338,3.1990080647094072
285,4825220,4828557,3338,3.1990021150389456
286,4842017,4845352,3336,3.1990092266187045
287,4858838,4862173,3336,3.1989972302158276
288,4875642,4878977,3336,3.1990195653477214
289,4892477,4895811,3335,3.199008365817091
290,4909299,4912633,3335,3.1989981679160415
291,4926122,4929454,3333,3.19901498349835
292,4942945,4946278,3334,3.1990216526694666
293,4959727,4963058,3332,3.199031113445378
294,4976504,4979835,3332,3.1989856422569027
295,4993319,4996650,3332,3.199018865546219
296,5010129,5013459,3331,3.1990039117382167
297,5026955,5030286,3332,3.199004912965186
298,5043737,5047065,3329,3.199001243616702
299,5062276,5065607,3332,3.199008769507803
300,5079130,5082465,3336,3.1990017835731415
301,5095956,5099289,3334,3.198994883023395
302,5112734,5116065,3332,3.1990036584633854
303,5129511,5132842,3332,3.1990044837935177
304,5146323,5149652,3330,3.1990042582582583
305,5163155,5166485,3331,3.1989948604022818
306,5180001,5183330,3330,3.199026543543544
307,5196820,5200148,3329,3.1990021387804144
308,5213653,5216980,3328,3.199005276442308
309,5230463,5233791,3329,3.1989925142685496
310,5247303,5250629,3327,3.1990124075743918
311,5264115,5267440,3326,3.1990036590499096
312,5280916,5284241,3326,3.19900778713169
313,5297709,5301031,3323,3.198978525428829
314,5314496,5317818,3323,3.199008985856154
315,5331282,5334603,3322,3.19900239012643
316,5348084,5351404,3321,3.199000234869015
317,5364905,5368226,3322,3.19899948524985
318,5381671,5384988,3318,3.199000946353225
319,5398469,5401787,3319,3.1990097408858094
320,5415261,5418578,3318,3.1989862296564198
321,5432032,5435351,3320,3.1989967289156627
322,5448825,5452142,3318,3.198996955997589
323,5465628,5468944,3317,3.1989959421163703
324,5482426,5485742,3317,3.19900398251432
325,5499189,5502502,3314,3.1989988744719375
326,5516002,5519317,3316,3.1989962756332933
327,5532804,5536117,3314,3.1989936934218473
328,5549598,5552909,3312,3.1989978049516914
329,5566374,5569686,3313,3.198993631150015
330,5583172,5586482,3311,3.1990202808819093
331,5599956,5603266,3311,3.1989632860163093
332,5616755,5620064,3310,3.199005
333,5633572,5636885,3314,3.1989624803862404
334,5650377,5653686,3310,3.1989866555891244
335,5667165,5670471,3307,3.1989956093135774
336,5683994,5687302,3309,3.198998990631611
337,5700802,5704108,3307,3.19900082854551
338,5717599,5720904,3306,3.198985973986691
339,5734384,5737689,3306,3.198990783424077
340,5751183,5754487,3305,3.19900289258699
341,5767921,5771224,3304,3.1989896398305087
342,5784706,5788009,3304,3.1990004328087167
343,5801494,5804797,3304,3.198980965496368
344,5818299,5821601,3303,3.1989823251589464
345,5835078,5838387,3310,3.198992178247734
346,5851853,5855153,3301,3.1989942744622843
347,5868651,5871952,3302,3.1989918352513627
348,5885417,5888718,3302,3.1989675711689887
349,5904305,5907614,3310,3.1990351450151056
350,5921122,5924436,3315,3.198997607843137
351,5937908,5941220,3313,3.1989929701177178
352,5954741,5958054,3314,3.1989896318648157
353,5971540,5974850,3311,3.198991978254304
354,5988352,5991662,3311,3.1990041860465124
355,6005135,6008443,3309,3.198973448171653
356,6021958,6025265,3308,3.1989938814993955
357,6038716,6042022,3307,3.1989970547323856
358,6055498,6058802,3305,3.199001213313162
359,6072296,6075601,3306,3.198968962492438
360,6089098,6092401,3304,3.198994803268765
361,6105903,6109205,3303,3.198993351498638
362,6122666,6125966,3301,3.19897302635565
363,6139438,6142738,3301,3.1989998970009093
364,6156205,6159504,3300,3.1989903181818184
365,6172998,6176296,3299,3.1989916520157626
366,6189783,6193079,3297,3.198965956930543
367,6206552,6209848,3297,3.1990055262359722
368,6223321,6226616,3296,3.198994296116505
369,6240092,6243386,3295,3.1990043368740517
370,6256882,6260176,3295,3.199001393019727
371,6273665,6276959,3295,3.1989917147192717
372,6290457,6293750,3294,3.1989899696417727
373,6307227,6310518,3292,3.1989934507897932
374,6323980,6327270,3291,3.198990297781829
375,6340776,6344066,3291,3.1989879246429656
376,6357558,6360847,3290,3.1989851215805474
377,6374295,6377580,3286,3.1989788648813144
378,6391046,6394332,3287,3.1989949650136906
379,6407836,6411123,3288,3.199002548661801
380,6424609,6427895,3287,3.1989873410404623
381,6441393,6444678,3286,3.1989766555082166
382,6458179,6461464,3286,3.1989935605599515
383,6474957,6478241,3285,3.1989913850837137
384,6491736,6495018,3283,3.1989926743831862
385,6508476,6511759,3284,3.1989897076735687
386,6525243,6528525,3283,3.1989861285409686
387,6542027,6545309,3283,3.1989889125799578
388,6558786,6562068,3283,3.198980697532744
389,6575537,6578817,3281,3.1990032612008537
390,6592300,6595580,3281,3.19898718073758
391,6609072,6612353,3282,3.1989997867154174
392,6625875,6629155,3281,3.199003739713502
393,6642627,6645906,3280,3.198983070121951
394,6659362,6662639,3278,3.1989742525930445
395,6676089,6679367,3279,3.198980064043916
396,6692868,6696144,3277,3.1990272749465976
397,6709644,6712921,3278,3.198992977425259
398,6726414,6729688,3275,3.198983755725191
399,6744609,6747890,3282,3.1989811425959784
400,6761422,6764707,3286,3.1989875106512478
401,6778215,6781500,3286,3.1989961016433357
402,6794995,6798278,3284,3.19898571863581
403,6811763,6815045,3283,3.198980925982334
404,6828533,6831814,3282,3.1989946496039
405,6845314,6848594,3281,3.1989896921670224
406,6862064,6865342,3279,3.198990738029887
407,6878835,6882113,3279,3.1989742573955477
408,6895561,6898836,3276,3.1989887393162397
409,6912329,6915604,3276,3.1989770238095243
410,6929073,6932347,3275,3.1989975053435113
411,6945827,6949100,3274,3.1990038637751987
412,6962564,6965836,3273,3.198989914451574
413,6979277,6982548,3272,3.1989803209046457
414,6996034,6999305,3272,3.19898973410758
415,7012765,7016036,3272,3.1989838294621027
416,7029516,7032788,3273,3.1989834586006722
417,7046259,7049527,3269,3.198985607219333
418,7062997,7066264,3268,3.1989848194614443
419,7079731,7082997,3267,3.198976170798898
420,7096468,7099734,3267,3.1989834894398532
421,7113203,7116468,3266,3.198977660747091
422,7129962,7133227,3266,3.1989830434782607
423,7146718,7149982,3265,3.1989776508422665
424,7163443,7166705,3263,3.1989824670548574
425,7180207,7183470,3264,3.198967123161765
426,7196959,7200221,3263,3.1990049800796814
427,7213716,7216978,3263,3.1989982163653083
428,7230443,7233710,3268,3.198962955936352
429,7247219,7250479,3261,3.198975375651641
430,7263961,7267220,3260,3.1989818987730065
431,7280720,7283978,3259,3.1989826603252536
432,7297421,7300680,3260,3.1989868374233135
433,7314172,7317429,3258,3.1989786157151627
434,7330922,7334180,3259,3.1989794415464865
435,7347664,7350920,3257,3.1989746484494934
436,7364391,7367647,3257,3.1989769910961012
437,7381143,7384399,3257,3.19898542830826
438,7397895,7401150,3256,3.198982598280099
439,7414632,7417887,3256,3.198981461916462
440,7431347,7434600,3254,3.198982028272895
441,7448097,7451351,3255,3.1989827373271886
442,7464815,7468067,3253,3.1989801598524434
443,7481549,7484802,3254,3.1989759035033805
444,7498287,7501539,3253,3.198973793421457
445,7515020,7518270,3251,3.1989793417410035
446,7531719,7534969,3251,3.1989831436481087
447,7548473,7551724,3252,3.1989870325953262
448,7565224,7568475,3252,3.198981454489545
449,7584988,7588244,3257,3.1989820325452873
450,7601763,7605020,3258,3.198978379373849
451,7618535,7621793,3259,3.199028168149739
452,7635283,7638539,3257,3.198985422167639
453,7652018,7655272,3255,3.1989790937019973
454,7668736,7671989,3254,3.198971100184388
455,7685487,7688739,3253,3.198968177067323
456,7702229,7705482,3254,3.1989875568531043
457,7718939,7722188,3250,3.1989821907692306
458,7735686,7738938,3253,3.1989740946818324
459,7752430,7755679,3250,3.1989838061538465
460,7769157,7772405,3249,3.198973382579255
461,7785887,7789135,3249,3.1989749646044943
462,7802588,7805832,3245,3.198972385208013
463,7819312,7822558,3247,3.1989829319371728
464,7836046,7839290,3245,3.1989813374422185
465,7852753,7855997,3245,3.1989713127889057
466,7869482,7872725,3244,3.1989788501849574
467,7886220,7889463,3244,3.1989699753390877
468,7902934,7906176,3243,3.1989809713228494
469,7919656,7922897,3242,3.1989828932757556
470,7936373,7939614,3242,3.198974873534855
471,7953109,7956349,3241,3.1989680283863007
472,7969859,7973099,3241,3.1989693057698245
473,7986598,7989837,3240,3.198978682098766
474,8003319,8006556,3238,3.198974187770228
475,8020034,8023271,3238,3.198972569487338
476,8036774,8040011,3238,3.198974598517603
477,8053504,8056740,3237,3.1989727494593763
478,8070218,8073454,3237,3.1989802440531356
479,8086945,8090181,3237,3.1989703089280193
480,8103633,8106867,3235,3.198972503863987
481,8120345,8123579,3235,3.1989940865533226
482,8137065,8140299,3235,3.1989768191653782
483,8153768,8157001,3234,3.198978163265306
484,8170473,8173706,3234,3.1989984044526896
485,8187207,8190439,3233,3.198971772347665
486,8203914,8207146,3233,3.198979628827714
487,8220635,8223866,3232,3.1989702815594065
488,8237371,8240602,3232,3.198970433168317
489,8254087,8257321,3235,3.1989781391035548
490,8270836,8274067,3232,3.198971172648515
491,8287556,8290786,3231,3.1989725255338906
492,8304305,8307533,3229,3.1989685041808613
493,8320982,8324209,3228,3.1989658828996284
494,8337700,8340929,3230,3.1989611857585136
495,8354421,8357649,3229,3.1989750480024775
496,8371137,8374364,3228,3.198974752168526
497,8387849,8391075,3227,3.1989624387976447
498,8404567,8407793,3227,3.1989672110319183
499,8423644,8426873,3230,3.1989858328173373
500,8440390,8443622,3233,3.198969056603774
501,8457103,8460333,3231,3.198968551532033
502,8473818,8477048,3231,3.198967790157846
503,8490539,8493768,3230,3.1989765820433442
504,8507266,8510494,3229,3.198971842675751
505,8523972,8527199,3228,3.198973361214374
506,8540684,8543910,3227,3.1989668143786805
507,8557401,8560627,3227,3.1990004183452125
508,8574096,8577320,3225,3.198968589147287
509,8590806,8594030,3225,3.1989761209302325
510,8607524,8610747,3224,3.1989800434243176
511,8624489,8627708,3220,3.1989682763975154
512,8641173,8644392,3220,3.1989698167701865
513,8657820,8661040,3221,3.198969950325986
514,8674526,8677745,3220,3.1989793633540375
515,8691210,8694428,3219,3.1989614600807705
516,8707918,8711137,3220,3.19896950310559
517,8724630,8727849,3220,3.1989727173913045
518,8741345,8744562,3218,3.1989743132380357
519,8758050,8761267,3218,3.198967169049099
520,8774768,8777984,3217,3.19897869443581
521,8791446,8794661,3216,3.198966452114428
522,8808150,8811365,3216,3.1989853047263686
523,8824871,8828087,3217,3.198976046005596
524,8841540,8844755,3216,3.1989758302238807
525,8858246,8861460,3215,3.198963290824261
526,8874938,8878152,3215,3.1989649611197515
527,8891631,8894844,3214,3.198961845052894
528,8908340,8911554,3215,3.1989800746500783
529,8925029,8928240,3212,3.1989617029887922
530,8941704,8944916,3213,3.198958219732338
531,8958388,8961599,3212,3.198964928393524
532,8975076,8978287,3212,3.198970077833126
533,8991765,8994974,3210,3.198953582554517
534,9008445,9011654,3210,3.1989692523364486
535,9025131,9028341,3211,3.1989586297103703
536,9041816,9045024,3209,3.1989697943284514
537,9058510,9061719,3210,3.1989742523364484
538,9075193,9078402,3210,3.1989666043613716
539,9091898,9095105,3208,3.198968435162095
540,9108570,9111778,3209,3.1989676129635405
541,9125266,9128472,3207,3.1989674929840977
542,9141957,9145163,3207,3.1989723355160584
543,9158666,9161870,3205,3.198965319812793
544,9175362,9178566,3205,3.1989635507020284
545,9192044,9195247,3204,3.198960552434457
546,9208716,9211918,3203,3.1989686325320013
547,9225408,9228610,3203,3.198974130502654
548,9242117,9245318,3202,3.1989660930668333
549,9259365,9262572,3208,3.1989597319201994
550,9276085,9279295,3211,3.1989637869822487
551,9292802,9296011,3210,3.1989690249221185
552,9309520,9312729,3210,3.198965623052959
553,9326237,9329444,3208,3.1989683416458847
554,9342934,9346140,3207,3.1989685687558467
555,9359649,9362860,3212,3.1989667683686176
556,9376313,9379517,3205,3.198954633385336
557,9393004,9396207,3204,3.1989587359550566
558,9409708,9412910,3203,3.1989569778332814
559,9426392,9429594,3203,3.198968204807993
560,9443096,9446296,3201,3.1989593533270853
561,9459796,9462996,3201,3.1989676913464544
562,9476506,9479705,3200,3.1989553156249997
563,9493204,9496403,3200,3.1989615937500004
564,9509933,9513131,3199,3.1989668458893408
565,9526583,9529778,3196,3.19896519086358
566,9543253,9546449,3197,3.198958054426024
567,9559929,9563124,3196,3.1989613297872346
568,9576640,9579837,3198,3.1989568480300186
569,9593323,9596517,3195,3.198921086071987
570,9610038,9613232,3195,3.19896551799687
571,9626717,9629910,3194,3.1989561083281153
572,9643399,9646592,3194,3.198966859737007
573,9660086,9663280,3195,3.198956488262911
574,9676795,9679990,3196,3.1989433197747186
575,9693471,9696662,3192,3.1989622274436096
576,9710155,9713346,3192,3.1989576472431076
577,9726843,9730034,3192,3.198954486215539
578,9743493,9746682,3190,3.1989564921630094
579,9760182,9763370,3189,3.198954123549702
580,9776847,9780035,3189,3.1989555816870494
581,9793521,9796708,3188,3.1989598086574653
582,9810228,9813417,3190,3.1989579435736677
583,9826904,9830092,3189,3.198956309187833
584,9843574,9846761,3188,3.198957550188206
585,9860225,9863411,3187,3.1989613743332286
586,9876898,9880084,3187,3.1989641449639166
587,9893728,9896926,3199,3.1989616942794616
588,9910257,9913458,3202,3.19897401623985
589,9926831,9930024,3194,3.1989649029430187
590,9943387,9946579,3193,3.1989603351080484
591,9959944,9963140,3197,3.198961263684705
592,9976494,9979693,3200,3.1989657406250003
593,9993045,9996240,3196,3.1989717678347938
594,10011570,10014757,3188,3.1989532151819318
595,10028272,10031462,3191,3.198958994045754
596,10044989,10048179,3191,3.1989577969288625
597,10061678,10064867,3190,3.1989586363636366
598,10078367,10081555,3189,3.198959234869865
599,10095072,10098258,3187,3.1989578380922503
600,10111756,10114947,3192,3.1989585056390974
601,10128472,10131656,3185,3.1989528100470963
602,10145199,10148383,3185,3.198956514913658
603,10161858,10165040,3183,3.198962095507383
604,10178538,10181721,3184,3.1989507443467344
605,10195192,10198373,3182,3.1989570207416715
606,10211862,10215042,3181,3.1989524929267525
607,10228520,10231699,3180,3.1989530597484275
608,10245162,10248340,3179,3.1989744605221775
609,10261819,10264997,3179,3.1989544290657443
610,10278505,10281681,3177,3.1989581586402265
611,10295191,10298369,3179,3.198943652091853
612,10311854,10315030,3177,3.1989476896443185
613,10328537,10331712,3176,3.1989535044080606
614,10345202,10348377,3176,3.198946473551637
615,10361870,10365045,3176,3.1989422134760703
616,10378502,10381676,3175,3.1989587779527557
617,10395163,10398338,3176,3.1989553967254407
618,10411840,10415015,3176,3.19894415302267
619,10428488,10431671,3184,3.1989622361809045
620,10445159,10448332,3174,3.1989534719596726
621,10461837,10465011,3175,3.198958768503937
622,10478523,10481696,3174,3.1989532860743544
623,10495157,10498329,3173,3.19895949259376
624,10511820,10514992,3173,3.198960148124803
625,10528476,10531648,3173,3.198960264733691
626,10545126,10548297,3172,3.1989519104665827
627,10561789,10564959,3171,3.1989490854619995
628,10578408,10581578,3171,3.198960072532324
629,10595065,10598234,3170,3.1989564258675074
630,10611704,10614874,3171,3.1989546767581207
631,10628367,10631535,3169,3.1989522877879453
632,10645060,10648230,3171,3.198952608010092
633,10661727,10664896,3170,3.1989605268138805
634,10678388,10681556,3169,3.198949662354055
635,10695044,10698210,3167,3.1989627470792548
636,10712951,10716121,3171,3.198949511195207
637,10729671,10732844,3174,3.1989550441083803
638,10746384,10749556,3173,3.1989512890009455
639,10763060,10766232,3173,3.198961695556256
640,10779757,10782927,3171,3.198937013560391
641,10796455,10799624,3170,3.1989501987381708
642,10813128,10816295,3168,3.198918090277778
643,10829810,10832977,3168,3.1989392077020202
644,10846490,10849657,3168,3.1989355618686868
645,10863170,10866334,3165,3.198949165876777
646,10879806,10882970,3165,3.1989349605055293
647,10896471,10899634,3164,3.198951994310999
648,10913148,10916311,3164,3.1989460208596716
649,10929802,10932964,3163,3.1989405184950996
650,10946423,10949588,3166,3.1989580669614655
651,10963105,10966266,3162,3.198952447817837
652,10979777,10982936,3160,3.198944556962026
653,10996393,10999552,3160,3.198946088607595
654,11013044,11016202,3159,3.1989570560303893
655,11029693,11032851,3159,3.1989496043051604
656,11046368,11049523,3156,3.1989473574144487
657,11063032,11066188,3157,3.198944938232499
658,11079714,11082870,3157,3.1989469464681664
659,11096385,11099540,3156,3.198952088086185
660,11113014,11116170,3157,3.1989582768451057
661,11129644,11132797,3154,3.1989414996829426
662,11146300,11149454,3155,3.1989483074484943
663,11162979,11166132,3154,3.198947219403932
664,11179643,11182796,3154,3.198948329105897
665,11196294,11199447,3154,3.1989430500951173
666,11212940,11216091,3152,3.198941380076142
667,11229570,11232721,3152,3.1989438229695435
668,11246231,11249382,3152,3.198947395304569
669,11262920,11266080,3161,3.19894608668143
670,11279602,11282751,3150,3.1989467301587298
671,11296261,11299411,3151,3.1989462583306887
672,11312874,11316022,3149,3.1989479326770405
673,11329515,11332663,3149,3.1989454684026675
674,11346177,11349324,3148,3.1989510959339267
675,11362805,11365952,3148,3.1989495584498093
676,11379455,11382603,3149,3.198947062559543
677,11396081,11399228,3148,3.1989445235069884
678,11412725,11415871,3147,3.1989494502700984
679,11429374,11432521,3148,3.1989458545108005
680,11445989,11449135,3147,3.198941611058151
681,11462640,11465786,3147,3.198980324118208
682,11479270,11482415,3146,3.1989326923076926
683,11496652,11499822,3171,3.198949511195207
684,11513372,11516545,3174,3.1989550441083803
685,11530085,11533257,3173,3.1989512890009455
686,11546761,11549933,3173,3.198961695556256
687,11563458,11566628,3171,3.198937013560391
688,11580156,11583325,3170,3.1989501987381708
689,11596829,11599996,3168,3.198918090277778
690,11613511,11616678,3168,3.1989392077020202
691,11630191,11633358,3168,3.1989355618686868
692,11646871,11650035,3165,3.198949165876777
693,11663507,11666671,3165,3.1989349605055293
694,11680172,11683335,3164,3.198951994310999
695,11696849,11700012,3164,3.1989460208596716
696,11713503,11716665,3163,3.1989405184950996
697,11730124,11733289,3166,3.1989580669614655
698,11746806,11749967,3162,3.198952447817837
699,11763478,11766637,3160,3.198944556962026
700,11780094,11783253,3160,3.198946088607595
701,11796745,11799903,3159,3.1989570560303893
702,11813394,11816552,3159,3.1989496043051604
703,11830069,11833224,3156,3.1989473574144487
704,11846733,11849889,3157,3.198944938232499
705,11863415,11866571,3157,3.1989469464681664
706,11880086,11883241,3156,3.198952088086185
707,11896715,11899871,3157,3.1989582768451057
708,11913345,11916498,3154,3.1989414996829426
709,11930001,11933155,3155,3.1989483074484943
710,11946680,11949833,3154,3.198947219403932
711,11963344,11966497,3154,3.198948329105897
712,11979995,11983148,3154,3.1989430500951173
713,11996641,11999792,3152,3.198941380076142
714,12013271,12016422,3152,3.1989438229695435
715,12029932,12033083,3152,3.198947395304569
716,12046621,12049781,3161,3.19894608668143
717,12063303,12066452,3150,3.1989467301587298
718,12079962,12083112,3151,3.1989462583306887
719,12096575,12099723,3149,3.1989479326770405
720,12113216,12116364,3149,3.1989454684026675
721,12129878,12133025,3148,3.1989510959339267
722,12146506,12149653,3148,3.1989495584498093
723,12163156,12166304,3149,3.198947062559543
724,12179782,12182929,3148,3.1989445235069884
725,12196426,12199572,3147,3.1989494502700984
726,12213075,12216222,3148,3.1989458545108005
727,12229690,12232836,3147,3.198941611058151
728,12246341,12249487,3147,3.198980324118208
729,12262971,12266116,3146,3.1989326923076926
730,12280294,12283455,3162,3.1989334218848833
731,12296856,12300017,3162,3.19894413029728
732,12313434,12316591,3158,3.198941025965801
733,12330042,12333200,3159,3.1989325957581514
734,12346608,12349762,3155,3.1989467575277333
735,12363191,12366323,3133,3.1989431120331946
736,12379855,12382979,3125,3.1989661568000005
737,12396397,12399530,3134,3.1989423771537973
738,12412974,12416105,3132,3.19893779054917
739,12429551,12432690,3140,3.198938675159236
740,12446152,12449280,3129,3.1989455257270696
741,12462714,12465854,3141,3.198945323145495
742,12479286,12482429,3144,3.198951052798982
743,12495869,12499011,3143,3.1989392300349984
744,12512446,12515579,3134,3.198944240587109
745,12529008,12532138,3131,3.198945972532737
746,12545603,12548740,3138,3.1989407297641814
747,12562110,12565256,3147,3.1989545090562443
748,12581360,12584516,3157,3.19894323408299
749,12598066,12601224,3159,3.19894950617284
750,12614749,12617906,3158,3.198941434452185
751,12631434,12634589,3156,3.1989455133079847
752,12648120,12651275,3156,3.19893839670469
753,12664779,12667932,3154,3.1989415187064045
754,12681447,12684598,3152,3.198948861040609
755,12698100,12701251,3152,3.1989477855329946
756,12714777,12717926,3150,3.1989435079365083
757,12731406,12734554,3149,3.1989381581454435
758,12748064,12751211,3148,3.198948850063533
759,12764699,12767846,3148,3.198947411054638
760,12781344,12784491,3148,3.1989551683608637
761,12797997,12801142,3146,3.198945518118246
762,12814630,12817783,3154,3.198942390615092
763,12831294,12834436,3143,3.1989404677060134
764,12847936,12851078,3143,3.198938714603882
765,12864575,12867716,3142,3.1989484945894335
766,12881218,12884359,3142,3.198931874602164
767,12897831,12900972,3142,3.198941113940166
768,12914480,12917620,3141,3.198955676536135
769,12931099,12934238,3140,3.1989435095541405
770,12947716,12950854,3139,3.198946632685569
771,12964348,12967486,3139,3.1989403982159925
772,12980967,12984104,3138,3.198937766093053
773,12997559,13000696,3138,3.1989469056724027
774,13014177,13017314,3138,3.198944222434672
775,13030794,13033930,3137,3.1989435862288804
776,13047426,13050562,3137,3.198942833917756
777,13064049,13067183,3135,3.1989436523126
778,13080728,13083862,3135,3.1989457767145133
779,13097352,13100485,3134,3.1989395724313976
780,13115581,13118695,3115,3.1989383100768456
781,13132274,13135391,3118,3.198938054292695
782,13148928,13152043,3116,3.198942485142328
783,13165560,13168674,3115,3.198934342241298
784,13182182,13185294,3113,3.1989334076040787
785,13198770,13201880,3111,3.198923422297003
786,13215355,13218465,3111,3.198930485296535
787,13231974,13235082,3109,3.1989346267722962
788,13248604,13251712,3109,3.1989343322913317
789,13265232,13268339,3108,3.1989376568800187
790,13281849,13284955,3107,3.198934500857273
791,13298469,13301574,3106,3.1989340693822137
792,13315090,13318193,3104,3.1989328369039094
793,13331689,13334791,3103,3.1989249544534917
794,13348315,13351417,3103,3.1989317406121085
795,13364872,13367973,3102,3.1989293154587695
796,13381507,13384608,3102,3.1989340377866275
797,13398109,13401209,3101,3.1989226815617964
798,13414707,13417807,3101,3.1989415769645992
799,13431324,13434423,3100,3.1989319176899245
800,13447933,13451032,3100,3.198933468203442
801,13464549,13467646,3098,3.1989278739331315
802,13481161,13484264,3104,3.1989393259209513
803,13497798,13500894,3097,3.198929138890863
804,13514378,13517474,3097,3.1989318733943093
805,13530984,13534080,3097,3.198930690906344
806,13547613,13550709,3097,3.1989386727001565
807,13564240,13567335,3096,3.1989370583090255
808,13580829,13583922,3094,3.1989285740178066
809,13597447,13600541,3095,3.1989321149781333
810,13614042,13617134,3093,3.1989199986946555
811,13630602,13633694,3093,3.198918740676363
812,13647208,13650300,3093,3.198924216756002
813,13663804,13666895,3092,3.1989263708765936
814,13680415,13683506,3092,3.1989279254017875
815,13697035,13700126,3092,3.1989332552024488
816,13713643,13716733,3091,3.1988990549057803
817,13730256,13733345,3090,3.1989267574356695
818,13746847,13749941,3095,3.1989061573851387
819,13763454,13766546,3093,3.1989257707785996
820,13780031,13783123,3093,3.1989259927818368
821,13796628,13799719,3092,3.198994399860061
822,13813215,13816306,3092,3.198923039751177
823,13829796,13832887,3092,3.198929553951984
824,13846376,13849465,3090,3.1989333499257055
825,13862970,13866060,3091,3.1989328212305383
826,13879578,13882667,3090,3.198920757528989
827,13896151,13899239,3089,3.1989248391412355
828,13912747,13915835,3089,3.1989148360595365
829,13929332,13932419,3088,3.1989019433906516
830,13948469,13951556,3088,3.198865920634933
831,13965110,13968197,3088,3.1989051305892002
832,13981721,13984808,3088,3.1989423392792546
833,13998325,14001410,3086,3.198917593419894
834,14014908,14017992,3085,3.198896527880078
835,14031541,14034624,3084,3.1988868038850855
836,14048133,14051215,3083,3.1989271863282154
837,14064743,14067824,3082,3.1989149409540096
838,14081336,14084416,3081,3.1989293574889963
839,14097945,14101024,3080,3.1989230499416337
840,14114549,14117627,3079,3.198927071217134
841,14131154,14134237,3084,3.1989156000937315
842,14147750,14150828,3079,3.1989139134700806
843,14164321,14167398,3078,3.1989205357434103
844,14180931,14184008,3078,3.198921353722166
845,14197521,14200599,3079,3.1989277402551153
846,14214141,14217217,3077,3.198916153212016
847,14230741,14233818,3078,3.1989079686152335
848,14247348,14250425,3078,3.1989284180841535
849,14263942,14267016,3075,3.1989239040021884
850,14280510,14283585,3076,3.1989255336912867
851,14297090,14300163,3074,3.1989217520435225
852,14313665,14316738,3074,3.1989272619700975
853,14330267,14333339,3073,3.1989157255840373
854,14346843,14349915,3073,3.198874238721692
855,14363413,14366484,3072,3.198917369416185
856,14380023,14383094,3072,3.198949258387742
857,14396607,14399678,3072,3.1989275768673644
858,14413196,14416265,3070,3.1989161869643197
859,14429794,14432863,3070,3.198925655510479
860,14446343,14449411,3069,3.19891939872895
861,14462932,14466000,3069,3.1989412506029327
862,14479494,14482561,3068,3.198924626897558
863,14496094,14499161,3068,3.1989568558616788
864,14512692,14515758,3067,3.1989188134710353
865,14529290,14532356,3067,3.1989126193131363
866,14545860,14548925,3066,3.198903440700452
867,14562446,14565511,3066,3.198917475417265
868,14579003,14582068,3066,3.198915235834792
869,14595572,14598635,3064,3.1989259272097277
870,14612135,14615198,3064,3.1989248066875557
871,14628719,14631782,3064,3.1989112110185673
872,14645314,14648376,3063,3.198915996693269
873,14661889,14664951,3063,3.198918985727927
874,14678478,14681545,3068,3.1989137347013568
875,14695045,14698106,3062,3.1989139832192053
876,14711646,14714705,3060,3.198913767078545
877,14728225,14731284,3060,3.1989192274148195
878,14744805,14747863,3059,3.1989171381986665
879,14761358,14764416,3059,3.1989192332588816
880,14779517,14782581,3065,3.198915613750637
881,14796175,14799241,3067,3.1989085893790854
882,14812841,14815906,3066,3.198898961535503
883,14829478,14832541,3064,3.1989156931072413
884,14846071,14849134,3064,3.198908671168313
885,14862699,14865759,3061,3.1989050143833335
886,14879315,14882374,3060,3.1989157866549762
887,14895919,14898976,3058,3.1989142242876043
888,14912494,14915549,3056,3.198910562758362
889,14929072,14932126,3055,3.198919181751858
890,14945633,14948686,3054,3.1989168642620456
891,14962187,14965239,3053,3.1989101219870055
892,14978771,14981821,3051,3.1989136536662994
893,14995337,14998386,3050,3.198914032921999
894,15011944,15014992,3049,3.1989136617366545
895,15028532,15031580,3049,3.1989137368056437
896,15045123,15048171,3049,3.1989137368056415
897,15061737,15064782,3046,3.198903153853511
898,15078328,15081373,3046,3.198920061010071
899,15094908,15097951,3044,3.198911501382527
900,15111490,15114532,3043,3.198910376463368
901,15128045,15131086,3042,3.1989173016692574
902,15144617,15147657,3041,3.1988908883844616
903,15161159,15164198,3040,3.1989130958548055
904,15177724,15180762,3039,3.1989011997914707
905,15194283,15197321,3039,3.1989044383795324
906,15210677,15213717,3041,3.1989039094833895
907,15227241,15230276,3036,3.1989192179540655
908,15243768,15246801,3034,3.198919908693355
909,15260343,15263376,3034,3.198926547424036
910,15276904,15279936,3033,3.198899614728605
911,15293425,15296454,3030,3.1989008971852018
912,15309983,15313013,3031,3.198915320659628
913,15326496,15329526,3031,3.198906183370042
914,15343066,15346094,3029,3.198905430914647
915,15359606,15362633,3028,3.198903618111682
916,15376128,15379155,3028,3.1988921284914826
917,15392661,15395686,3026,3.198914662987196
918,15409194,15412218,3025,3.1989092952034737
919,15425751,15428773,3023,3.198912177615664
920,15442292,15445314,3023,3.1989144490545907
921,15458843,15461862,3020,3.1989063525531725
922,15475392,15478408,3017,3.1989011986930733
923,15491948,15494964,3017,3.1988856463257016
924,15508492,15511505,3014,3.198899375964769
925,15525036,15528049,3014,3.1989007428977208
926,15541577,15544588,3012,3.198919968253991
927,15558097,15561114,3018,3.1988988477011997
928,15574628,15577643,3016,3.1989018057656464
929,15591144,15594157,3014,3.198907805384635
930,15610354,15613362,3009,3.198901882891838
931,15626957,15629969,3013,3.1988996791731585
932,15643525,15646535,3011,3.198902186603689
933,15660125,15663129,3005,3.1988964756610727
934,15676705,15679706,3002,3.198894640926847
935,15693249,15696249,3001,3.1988774780116858
936,15709822,15712821,3000,3.1988880750744295
937,15726372,15729371,3000,3.198880369268366
938,15742890,15745886,2997,3.1988940951327893
939,15759427,15762422,2996,3.1988699512679357
940,15775948,15778941,2994,3.1988953110310487
941,15792477,15795467,2991,3.198874031111451
942,15808948,15811938,2991,3.1988824488266427
943,15825476,15828461,2986,3.1988918454734674
944,15842057,15845042,2986,3.198892458696052
945,15858642,15861624,2983,3.198887615769174
946,15875124,15878107,2984,3.198881100515062
947,15891624,15894606,2983,3.198890378046011
948,15908144,15911122,2979,3.1988921304706706
949,15924665,15927642,2978,3.198886132392912
950,15941192,15944167,2976,3.198885737613775
951,15957707,15960682,2976,3.198885814524177
952,15974188,15977161,2974,3.198885111417319
953,15990667,15993639,2973,3.1988847980031623
954,16007118,16010093,2976,3.1988833533916075
955,16023583,16026556,2974,3.1988808785010323
956,16040059,16043031,2973,3.198881025591083
957,16056520,16059489,2970,3.198880927995189
958,16072998,16075967,2970,3.1988803114690483
959,16089498,16092460,2963,3.1988816522261208
960,16106002,16108965,2964,3.1988767166786123
961,16122421,16125378,2958,3.198874500116184
962,16138871,16141830,2960,3.1988797764347545
963,16155328,16158286,2959,3.1989002674918763
964,16171826,16174779,2954,3.1988860862360435
965,16186853,16189764,2912,3.1988622858602116
966,16203298,16206248,2951,3.198881804810885
967,16219729,16222677,2949,3.19887379725576
968,16236147,16239096,2950,3.198858444122917
969,16252602,16255549,2948,3.198872700936985
970,16269066,16272011,2946,3.1989091197829063
971,16285520,16288465,2946,3.198864601353429
972,16302000,16304942,2943,3.1988777852673396
973,16318473,16321413,2941,3.198874344912095
974,16334924,16337862,2939,3.1988619438306944
975,16351362,16354299,2938,3.1988627094694566
976,16367763,16370697,2935,3.1988806844568507
977,16384278,16387211,2934,3.198901662468934
978,16400756,16403687,2932,3.1988794923430044
979,16417245,16420173,2929,3.1988742342715653
980,16437023,16439954,2932,3.1988399916689816
981,16453663,16456592,2930,3.1988659630331093
982,16470206,16473129,2924,3.198862915848841
983,16486775,16489697,2923,3.1988710464131787
984,16503281,16506198,2918,3.1988414229420052
985,16519800,16522714,2915,3.198866487615309
986,16536322,16539232,2911,3.1988595990976827
987,16552808,16555715,2908,3.198871126226052
988,16569294,16572200,2907,3.198837101910219
989,16585745,16588646,2902,3.198865621597223
990,16604226,16607120,2895,3.1988482996271386
991,16620632,16623523,2892,3.198851172934461
992,16639070,16641850,2781,3.1988146028016855
993,16655693,16658463,2771,3.1988072687240505
994,16672017,16674774,2758,3.19880325671128
995,16688353,16691111,2759,3.1987965725438783
996,16704676,16707429,2754,3.1987931410198316
997,16720987,16723736,2750,3.1988058012027296
998,16737241,16739984,2744,3.198795666126402
999,16753542,16756281,2740,3.198798017886521
1000,16769848,16772586,2739,3.1987943032873893
1001,16786103,16788836,2734,3.1987833915983948
1002,16802385,16805116,2732,3.1987866564210483
1003,16818689,16821415,2727,3.198782165543973
1004,16834991,16837306,2316,3.1985819387734127
1005,16849959,16852641,2683,3.1987506085765283
1006,16866185,16868863,2679,3.1987857543617553
1007,16882441,16885118,2678,3.198785283852893
1008,16899788,16902456,2669,3.198757192972328
1009,16916015,16918692,2678,3.1987641730701717
1010,16932236,16934897,2662,3.198737467840448
1011,16948392,16951049,2658,3.1987585769567497
1012,16964607,16967262,2656,3.198760451510824
1013,16980757,16983406,2650,3.198759959750775
1014,16996914,16999549,2636,3.1987373275154862
1015,17013057,17015689,2633,3.198745225072203
1016,17029210,17031839,2630,3.1987559255627063
1017,17045349,17047974,2626,3.198745244702512
1018,17061519,17064143,2625,3.19873472190436
1019,17077663,17080283,2621,3.1987513218106285
1020,17093801,17096417,2617,3.1987428711666386
1021,17109896,17112512,2617,3.1987462821440196
1022,17125992,17128601,2610,3.1987336765736676
1023,17142063,17144669,2607,3.1987592079813094
1024,17158156,17160757,2602,3.198737119482577
1025,17174245,17176846,2602,3.198722693197468
1026,17190364,17192963,2600,3.1987311829850644
1027,17206444,17209035,2592,3.1987296864271393
1028,17222569,17225158,2590,3.198732293422203
1029,17238706,17241289,2584,3.1987374812835294
1030,17254808,17257388,2581,3.1987267377881743
1031,17270898,17273475,2578,3.198715880504502
1032,17286997,17289571,2575,3.1987144199979602
1033,17303084,17305653,2570,3.1987020331608016
1034,17319156,17321726,2571,3.1987176011749634
1035,17338154,17340737,2584,3.1987242831744194
1036,17354614,17357180,2567,3.1987090225491195
1037,17370832,17373390,2559,3.198709315722352
1038,17386951,17389509,2559,3.1987178128330225
1039,17403015,17405562,2548,3.1987104629340966
1040,17419076,17421615,2540,3.1987124749713467
1041,17435121,17437659,2539,3.1987006813643464
1042,17451104,17453638,2535,3.198697565734601
1043,17471289,17473837,2549,3.198694374871468
1044,17487700,17490232,2533,3.1986904470059514
1045,17503934,17506462,2529,3.1987058611749837
1046,17520028,17522549,2522,3.198711852974719
1047,17536062,17538573,2512,3.1986842191584746
1048,17552041,17554551,2511,3.198711022838525
1049,17567990,17570496,2507,3.1986836948099895
1050,17583889,17586390,2502,3.1986796920898066
1051,17599823,17602320,2498,3.1986870338569324
1052,17615749,17618245,2497,3.1986683402092457
1053,17631646,17634137,2492,3.1986800884827713
1054,17647528,17650014,2487,3.198678447220621
1055,17663430,17665912,2483,3.198684817343921
1056,17679317,17681798,2482,3.198673387276039
1057,17695163,17697641,2479,3.1986721881059297
1058,17711041,17713517,2477,3.1986593436914634
1059,17726900,17729373,2474,3.198673390258038
1060,17742497,17744959,2463,3.19866140648598
1061,17758319,17760781,2463,3.1986631721462486
1062,17774152,17776611,2460,3.1986602764860694
1063,17789998,17792453,2456,3.1986594178857612
1064,17805865,17808319,2455,3.1986565223695034
1065,17821707,17824167,2461,3.198653027048028
1066,17837561,17840005,2445,3.198648406391797
1067,17853390,17855828,2439,3.1986551978131783
1068,17869226,17871665,2440,3.1986497641731
1069,17884983,17887417,2435,3.1986417277223778
1070,17900765,17903191,2427,3.198647567803436
1071,17916522,17918944,2423,3.1986343962599624
1072,17932338,17934762,2425,3.1986333894142147
1073,17948083,17950500,2418,3.1986324243613944
1074,17963786,17966197,2412,3.1986234046825825
1075,17979554,17981967,2414,3.198637478066786
1076,17995277,17997687,2411,3.1986245235392894
1077,18011024,18013424,2401,3.1986323315159932
1078,18026730,18029129,2400,3.198628595407068
1079,18042455,18044855,2401,3.1986298529576636
1080,18058909,18061359,2451,3.1986607920366557
1081,18074538,18076977,2440,3.198658019053812
1082,18090116,18092546,2431,3.1986295314423083
1083,18105619,18108047,2429,3.198637034513095
1084,18121151,18123583,2433,3.1986513922164455
1085,18136634,18139060,2427,3.198638891474543
1086,18152178,18154592,2415,3.198642989593106
1087,18167736,18170145,2410,3.1986368501580245
1088,18183240,18185651,2412,3.1986247332043862
1089,18200882,18203312,2431,3.1986447841873495
1090,18216922,18219328,2407,3.198625870242126
1091,18232694,18235095,2402,3.198635302198247
1092,18248348,18250756,2409,3.1986272391023527
1093,18263919,18266324,2406,3.1986267070555456
1094,18279426,18281820,2395,3.198632039836604
1095,18294943,18297330,2388,3.1986334549071547
1096,18310393,18312776,2384,3.1986193721476175
1097,18325823,18328205,2383,3.1986246325756933
1098,18341216,18343600,2385,3.1986168992228343
1099,18356625,18359010,2386,3.19861260573
1100,18372005,18374379,2375,3.198616568888508
1101,18387388,18389753,2366,3.1986107453826276
1102,18407179,18409550,2372,3.1986207439584304
1103,18423352,18425704,2353,3.198601941566285
1104,18439213,18441559,2347,3.198604296861291
1105,18454928,18457269,2342,3.1985964306007864
1106,18470543,18472879,2337,3.198589118319455
1107,18486090,18488415,2326,3.1985934475031303
1108,18501632,18503956,2325,3.1985545276225635
1109,18517056,18519377,2322,3.1985872984611836
1110,18532533,18534849,2317,3.198584743829745
1111,18547982,18550292,2311,3.198569956953554
1112,18563397,18565707,2311,3.19859412312411
1113,18578756,18581058,2303,3.1985822228552494
1114,18594129,18596427,2299,3.1985685258680143
1115,18609466,18611761,2296,3.1985731751180593
1116,18624820,18627111,2292,3.198570704994812
1117,18640155,18642441,2287,3.198575786814622
1118,18655467,18657750,2284,3.1985655383676024
1119,18670811,18673089,2279,3.19855927783519
1120,18686143,18688422,2280,3.198549690201737
1121,18701471,18703742,2272,3.1985542949848718
1122,18716794,18719057,2264,3.1985427566690485
1123,18732116,18734378,2263,3.1985400696487436
1124,18747416,18749675,2260,3.19853918496572
1125,18762672,18764924,2253,3.19854354566235
1126,18777954,18780205,2252,3.1985512127873763
1127,18793206,18795455,2250,3.1985398133313487
1128,18808434,18810675,2242,3.1985138175480183
1129,18823662,18825900,2239,3.198526178848927
1130,18838880,18841117,2238,3.198460045601187
1131,18854090,18856321,2232,3.1985345391242532
1132,18869290,18871517,2228,3.198530079518181
1133,18884504,18886732,2229,3.19852203126542
1134,18899670,18901892,2223,3.1985232726339774
1135,18914826,18917042,2217,3.1985200813580903
1136,18930000,18932216,2217,3.1985204943221412
1137,18945188,18947406,2219,3.19853589719289
1138,18960356,18962563,2208,3.1985067098231985
1139,18975504,18977708,2205,3.19848385528016
1140,18990628,18992828,2201,3.198507118583339
1141,19005746,19007941,2196,3.198488502160271
1142,19020895,19023089,2195,3.1985089606781636
1143,19036027,19038219,2193,3.19850046189335
1144,19051125,19053313,2189,3.198504957422041
1145,19066243,19068428,2186,3.198496874657793
1146,19081350,19083533,2184,3.198498285875302
1147,19096432,19098611,2180,3.198496811354427
1148,19111518,19113693,2176,3.1985040618731335
1149,19126633,19128806,2174,3.1984865352467966
1150,19141707,19143877,2171,3.1984804797504442
1151,19156779,19158945,2167,3.1984878358591557
1152,19176150,19178343,2194,3.198482492358874
1153,19191876,19194053,2178,3.198510101535582
1154,19207363,19209532,2170,3.198481446049023
1155,19222686,19224850,2165,3.1984777275546095
1156,19237942,19240098,2157,3.198479233670312
1157,19253193,19255340,2148,3.198486948634687
1158,19268393,19270537,2145,3.198464067404366
1159,19283546,19285687,2142,3.1984774530854985
1160,19298682,19300819,2138,3.198452679510694
1161,19313795,19315927,2133,3.1984643972788724
1162,19328898,19331027,2130,3.19846936966275
1163,19343943,19346066,2124,3.1984527394901723
1164,19358984,19361104,2121,3.198442932283332
1165,19374008,19376124,2117,3.198442822942153
1166,19389042,19391155,2114,3.198463501668397
1167,19404019,19406125,2107,3.198430978580952
1168,19419047,19421152,2106,3.198445970781409
1169,19434066,19436166,2101,3.1984343197699436
1170,19449041,19451136,2096,3.1983762027400053
1171,19464027,19466118,2092,3.1984295753105387
1172,19479018,19481107,2090,3.198429999967191
1173,19494010,19496093,2084,3.1984339147431005
1174,19508946,19511027,2082,3.1984206032854816
1175,19523886,19525953,2068,3.198412036092196
1176,19538739,19540809,2071,3.198427222920319
1177,19553560,19555627,2068,3.1984066127938
1178,19568371,19570436,2066,3.198415107583903
1179,19583208,19585271,2064,3.198413749265921
1180,19597966,19600023,2058,3.198449251851982
1181,19612755,19614809,2055,3.1984092748122346
1182,19627568,19629618,2051,3.1983631183712444
1183,19642357,19644402,2046,3.1983979369444793
1184,19657134,19659176,2043,3.1983961894122235
1185,19671882,19673922,2041,3.1984388697304293
1186,19686655,19688689,2035,3.198392853828914
1187,19701412,19703440,2029,3.198384243303902
1188,19716123,19718147,2025,3.1983839000364855
1189,19730885,19732888,2004,3.198371053726871
1190,19745695,19747710,2016,3.1983702365512157
1191,19760545,19762555,2011,3.1983689160294024
1192,19775385,19777390,2006,3.198370669634542
1193,19790241,19792245,2005,3.1983627564186774
1194,19805007,19807006,2000,3.198364271000272
1195,19819872,19821868,1997,3.198352805014378
1196,19834722,19836716,1995,3.19836154818269
1197,19849499,19851487,1989,3.1983476067329337
1198,19864233,19866217,1985,3.1983515644053133
1199,19879034,19881014,1981,3.1983362428306146
1200,19893801,19895777,1977,3.1983518867063263
1201,19908570,19910541,1972,3.1983443419593764
1202,19927608,19929604,1997,3.1983567019103196
1203,19943105,19945078,1974,3.198338645003529
1204,19958261,19960227,1967,3.1983308243607445
1205,19973269,19975228,1960,3.198338012247745
1206,19988247,19990199,1953,3.1983281409296542
1207,20003128,20005075,1948,3.1983186798157868
1208,20017967,20019912,1946,3.198307848179201
1209,20032755,20034697,1943,3.1983139998070858
1210,20047551,20049486,1936,3.198316132254151
1211,20062261,20064195,1935,3.1983102703272306
1212,20076986,20078911,1926,3.198301566283971
1213,20091662,20093583,1922,3.1982974599445106
1214,20106320,20108243,1924,3.198304035852717
1215,20120953,20122864,1912,3.1982981322382935
1216,20135592,20137505,1914,3.1982940987526995
1217,20150227,20152130,1904,3.198279970033378
1218,20164831,20166731,1901,3.1982850095521815
1219,20179474,20181368,1895,3.198281971022797
1220,20194086,20195978,1893,3.198330769406617
1221,20208711,20210599,1889,3.1983008445008716
1222,20223352,20225234,1883,3.198274741890198
1223,20237956,20239837,1882,3.1982866923735394
1224,20252596,20254468,1873,3.1982530660308193
1225,20267200,20269066,1867,3.198252453774582
1226,20281772,20283636,1865,3.1982394852350957
1227,20296397,20298255,1859,3.198237102791966
1228,20310923,20312779,1857,3.198250068745761
1229,20325479,20327330,1852,3.1982243343169667
1230,20340095,20341943,1849,3.198239947335377
1231,20354613,20356456,1844,3.1982258656309543
1232,20369181,20371019,1839,3.198221290915779
1233,20383686,20385520,1835,3.1982108277105077
1234,20398160,20399990,1831,3.1982035689360906
1235,20412673,20414495,1823,3.1982105511491348
1236,20426446,20428255,1810,3.1981837127223964
1237,20440676,20442485,1810,3.1982107743026744
1238,20455135,20456945,1811,3.1981810757206453
1239,20469601,20471409,1809,3.198120306126878
1240,20484103,20485904,1802,3.1981807807962306
1241,20662901,20664702,1802,3.198187893769813
